<!--
Created by Gerben Rienk Visser
http://www.trialdatasolutions.com
Last update: 2011-11-29

VARIABLES:
Group OID		:IG_TDSDE_LESIONS			repeating group for areas
Item OID		:I_TDSDE_SCANDONE 			Scan: done=1; not done =0
				 I_TDSDE_ANATOMIC_SEGMENT  	anatomic area, to be set
-->
<RuleImport>
<!-- [rule label] -->
	<RuleAssignment>
		<Target Context="OC_RULES_V1">I_TDSDE_SCANDONE</Target>
		<RuleRef OID="R_I_TDSDE_SCANDONE_1">
            <ShowAction IfExpressionEvaluates="true">
                <Run AdministrativeDataEntry="true" InitialDataEntry="true" DoubleDataEntry="true" ImportDataEntry="false" Batch="false"/>
				<Message>Please complete the details of the scan.</Message>
				<DestinationProperty OID="IG_TDSDE_LESIONS" />
			</ShowAction>
			
            <InsertAction IfExpressionEvaluates="true">
                <Run AdministrativeDataEntry="true" InitialDataEntry="true" DoubleDataEntry="true" ImportDataEntry="false" Batch="false"/>
				<DestinationProperty OID="IG_TDSDE_LESIONS[1].I_TDSDE_ANATOMIC_SEGMENT" Value="Skull"></DestinationProperty>				
				<DestinationProperty OID="IG_TDSDE_LESIONS[2].I_TDSDE_ANATOMIC_SEGMENT" Value="Vertebral column"></DestinationProperty>				
				<DestinationProperty OID="IG_TDSDE_LESIONS[3].I_TDSDE_ANATOMIC_SEGMENT" Value="Ribs"></DestinationProperty>				
            </InsertAction>
			
		</RuleRef>
	</RuleAssignment>
<!-- ************** -->
<!-- [rule label] -->
	<RuleDef OID="R_I_TDSDE_SCANDONE_1" Name="Show and set">
		<Description>Show the group and set the default values of the items in the repeating group if the scan was done</Description>
		<Expression>I_TDSDE_SCANDONE eq 1</Expression>
	</RuleDef>		
</RuleImport>