<!--
Rules for CRF TDS: Show a RepeatingItemsGroup v.1
Created by Gerben Rienk Visser
http://www.trialdatasolutions.com
Last update: 2014-08-15

VARIABLES:
Study event OID:	SE_V2
CRF version OID:	F_TDSSHOWAREPE
Group OID:			IG_TDSSH_UNGROUPED		item group of the indicator question
					IG_TDSSH_MEDICATION		item group to show
Item OID:			I_TDSSH_MEDUSED			indicator-question: was any nedication used yes=1

-->
<RuleImport>
<!-- [rule label] -->
	<RuleAssignment>
		<Target Context="OC_RULES_V1">SE_V2.F_TDSSHOWAREPE.IG_TDSSH_UNGROUPED.I_TDSSH_MEDUSED</Target>
		<RuleRef OID="R_I_TDSSH_MEDUSED_1">
			<ShowAction IfExpressionEvaluates="true">
				<Run AdministrativeDataEntry="true" InitialDataEntry="true" DoubleDataEntry="true" ImportDataEntry="false"  Batch="false" />
				<Message>Please provide the details of the medication</Message>
				<DestinationProperty OID="IG_TDSSH_MEDICATION"/>
			</ShowAction>
		</RuleRef>
	</RuleAssignment>

<!-- ************** 
The following operators can be used in expressions (always lowercase!): 
eq (equals) ne (not equals) 
gt (greater than) gte (greater than or equals)
lt (less than) lte (less than or equals)
ct (contains)
Logical Operators: and or
Arithmic: + - * /

Use "" for Null/Empty
Date format is always yyyy-mm-dd, f.e. 2012-06-01
Use _CURRENT_DATE for server date
-->
<!-- [rule label] -->
	<RuleDef OID="R_I_TDSSH_MEDUSED_1" Name="Show CoMed">
		<Description>Show Group for medication, if answer to "was medication used?" is "yes"</Description>
		<Expression>I_TDSSH_MEDUSED eq 1</Expression>
	</RuleDef>
</RuleImport>
