<!--
Demo Study
Rules for CRF TDS: a simple rule v.1
Created by Gerben Rienk Visser
http://www.trialdatasolutions.com
Last update: 2013-06-20

VARIABLES:
Study event OID:	SE_EOS
CRF version OID:	F_TDSASIMPLERU
Group OID:			IG_TDSAS_UNGROUPED
Item OID:			I_TDSAS_ABNORMALFINDINGSXTHORAX			any abnormal findings? yes=1
					I_TDSAS_ABNORMALFINDINGSXTHORAXSPEC		specification of abnormal findings

-->
<RuleImport>
<!-- abnormal findings -->
	<RuleAssignment>
		<Target Context="OC_RULES_V1">SE_EOS.F_TDSASIMPLERU.IG_TDSAS_UNGROUPED.I_TDSAS_ABNORMALFINDINGSXTHORAX</Target>
		<RuleRef OID="R_I_TDSAS_ABNORMALFINDINGSXTHORAX_1">
			<DiscrepancyNoteAction IfExpressionEvaluates="true">
				<Run AdministrativeDataEntry="true" InitialDataEntry="true" DoubleDataEntry="true" ImportDataEntry="true"  Batch="true" />
				<Message>Please specify the abnormal findings.</Message>
			</DiscrepancyNoteAction>
		</RuleRef>
	</RuleAssignment>

<!-- ************** 
The following operators can be used in expressions (always lowercase!): 
eq (equals) ne (not equals) 
gt (greater than) gte (greater than or equals)
lt (less than) lte (less than or equals)
ct (contains)

Use "" for Null/Empty
Date format is always yyyy-mm-dd, f.e. 2012-06-01
Use _CURRENT_DATE for server date
-->
<!-- abnormal findings -->
	<RuleDef OID="R_I_TDSAS_ABNORMALFINDINGSXTHORAX_1" Name="Check specification">
		<Description>If abnormal findings, then they should be specified</Description>
		<Expression>I_TDSAS_ABNORMALFINDINGSXTHORAX eq 1 and I_TDSAS_ABNORMALFINDINGSXTHORAXSPEC eq ""</Expression>
	</RuleDef>
</RuleImport>
